text,label
"Reconsidering how cities manage public transportation",Balanced
"The economic benefits of local community initiatives",Balanced
"Why urban farming deserves more support",Balanced
"Rethinking standardized testing in schools",Balanced
"The importance of journalistic integrity in reporting",Balanced
"How climate policies affect local economies",Balanced
"Understanding the rise of remote work trends",Balanced
"Education reform: lessons from other countries",Balanced
"Public libraries and their role in community engagement",Balanced
"The challenges of affordable housing in cities",Balanced
"Why public healthcare requires thoughtful planning",Balanced
"The value of arts education in modern curricula",Balanced
"City planning and its impact on pedestrian safety",Balanced
"Reassessing public transportation funding priorities",Balanced
"Technology and its effects on workplace productivity",Balanced
"Community policing and citizen engagement strategies",Balanced
"Environmental conservation through local initiatives",Balanced
"The ethics of AI in journalism",Balanced
"Rethinking urban green spaces for public health",Balanced
"The benefits of civic participation in local governance",Balanced
"How social programs shape community resilience",Balanced
"Reevaluating public school curriculum standards",Balanced
"The importance of mental health resources in cities",Balanced
"Urban development and preserving historical sites",Balanced
"Why infrastructure investments need long-term planning",Balanced
"Lessons from cities with successful bike-sharing programs",Balanced
"The role of nonprofits in social welfare",Balanced
"Public funding for arts programs and cultural enrichment",Balanced
"How community gardens impact local food security",Balanced
"Balanced approaches to traffic congestion management",Balanced
"Evaluating renewable energy programs in municipalities",Balanced
"The effect of local policies on small business growth",Balanced
"Promoting literacy through innovative education programs",Balanced
"Supporting youth programs to reduce crime rates",Balanced
"Improving disaster preparedness in urban areas",Balanced
"The impact of zoning laws on city development",Balanced
"How cities can encourage sustainable housing",Balanced
"Examining public park usage trends and benefits",Balanced
"Best practices for municipal waste management",Balanced
"Why recent tax reforms help small businesses, not the wealthy",Partisan
"The education bill will undermine student achievement",Partisan
"Healthcare reform is failing the most vulnerable",Partisan
"Environmental policies are crucial to save our children’s future",Partisan
"Why current immigration laws favor corporations over citizens",Partisan
"The governor’s budget cuts hurt local schools",Partisan
"How new regulations protect working families",Partisan
"Policies supporting renewable energy benefit the community",Partisan
"The mayor’s plan ignores the needs of low-income neighborhoods",Partisan
"Tax incentives disproportionately favor the rich",Partisan
"Why local housing policy must prioritize affordable units",Partisan
"Transportation funding should support public transit users",Partisan
"Healthcare legislation leaves seniors behind",Partisan
"Education reforms fail to address inequality",Partisan
"Climate action policies protect vulnerable communities",Partisan
"Corporate tax breaks undermine small business growth",Partisan
"City council favors developers over residents",Partisan
"Environmental protection initiatives benefit public health",Partisan
"Labor rights are under threat from new policies",Partisan
"Why infrastructure spending should focus on public safety",Partisan
"Politicians ignore citizen input on urban development",Partisan
"Public health programs reduce long-term healthcare costs",Partisan
"Government subsidies favor big corporations unfairly",Partisan
"Education funding should target underserved schools",Partisan
"Local leadership must address housing inequality",Partisan
"The mayor’s plan threatens community well-being",Partisan
"The governor’s initiatives support low-income families",Partisan
"The governor is killing jobs and no one cares",Provocative
"This new law will destroy our neighborhoods forever",Provocative
"Politicians are lying to you—and here’s how",Provocative
"Schools are brainwashing students with extreme ideologies",Provocative
"The scandal no one is talking about is about to explode",Provocative
"City leaders are sabotaging public safety on purpose",Provocative
"Corporate greed is ruining our entire economy",Provocative
"Public officials are covering up massive corruption",Provocative
"The media won’t tell you the truth about this crisis",Provocative
"Politicians are intentionally misleading voters",Provocative
"This controversial policy is a disaster waiting to happen",Provocative
"School boards are failing our children on purpose",Provocative
"The government is destroying public healthcare",Provocative
"Local officials are ignoring urgent citizen complaints",Provocative
"Corporate executives are endangering your safety",Provocative
"The mayor’s incompetence is putting everyone at risk",Provocative
"Politicians manipulate data to hide the truth",Provocative
"This new tax law will bankrupt families overnight",Provocative
"Public services are collapsing because of negligence",Provocative
"City council is deliberately harming residents",Provocative
"Schools indoctrinate children with radical ideas",Provocative
"The government is hiding the real unemployment numbers",Provocative
"Corporate interests are poisoning our environment",Provocative
"The mayor’s scandal is bigger than anyone realizes",Provocative
"Politicians are risking public safety for profit",Provocative
"Media manipulation is shaping your opinions daily",Provocative
"The city is failing to protect vulnerable citizens",Provocative
"Government inaction is causing widespread harm",Provocative
"Corporate corruption is ruining local communities",Provocative
"The education system is intentionally misleading students",Provocative
"Politicians exploit fear to maintain control",Provocative
"Public health risks are being ignored by officials",Provocative
"City leaders are betraying the trust of residents",Provocative
"Corporations put profit over public safety",Provocative
"The mayor’s latest decisions are a catastrophe",Provocative
"Government officials are hiding critical data",Provocative
"School administrators are covering up serious issues",Provocative
"Politicians are deceiving voters for personal gain",Provocative
"The media exaggerates crises to push agendas",Provocative
"Local government is failing at every level",Provocative
